,date,pv,tid,ae_slope,ae_max,varea,u_nh,u_slope,sym_h,k_winds,sme,airs,xrsb_flux,T_hr,amplitude_km,is_lstid
0,1/1/2017,1.338138287,0,0,464.6666667,33.656567,52.11216,0,-19.53819444,0,286.4076389,0.117922,0,1.5727128591586288,16.83855431085515,FALSE
1,1/2/2017,1.362146131,9,-244,463.75,34.37322,59.9955,7.88334,-17.28472222,0,224.0333333,0.12123,0,2.685989997312127,49.90498881487445,TRUE
2,1/3/2017,1.309619341,9,91,519.25,34.83003,62.00478,2.00928,-13.97916667,0,249.2763889,0.140051,0,2.5765469918043276,64.22816011412438,TRUE
3,1/4/2017,1.12714891,0,102,765.3333333,34.022686,70.64939,8.64461,-9.715277778,0,231.93125,0.14717,0,1.3497730363986593,7.122878517196729,FALSE
4,1/5/2017,0.994739072,4,-61,620.5833333,32.56623,73.907326,3.257936,-14.22569445,0,353.2833333,0.177134,0,2.5375593272397188,42.390322946938376,TRUE
5,1/6/2017,0.887682918,7,63,521.0833333,13.645418,73.5489,-0.358426,-21.10763889,0,335.1277778,0.205134,0,3.0431648183990743,50.142208622394904,TRUE
6,1/7/2017,0.705367546,0,287,796.1666667,16.760445,68.81045,-4.73845,-18.58333333,0,376.8659722,0.126531,0,3.3156171221462527,41.03814541319228,TRUE
7,1/8/2017,0.545985075,0,-171,641.9166667,15.216007,65.261185,-3.549265,-22.14583333,0,344.85,0.16732,0,1.9075201954046415,33.85396150118145,TRUE
8,1/9/2017,0.459512377,0,-216,612.75,13.848161,72.49391,7.232725,-21.74305555,0,273.2548611,0.155272,0,1.3927478378308777,24.59481471722061,TRUE
9,1/10/2017,0.234003463,0,-45,622.3333333,21.99493,66.09818,-6.39573,-18.47916667,0,249.61875,0.133772,0,2.0082906254172563,26.272167959762125,TRUE
10,1/11/2017,0.304720348,0,-193,283.4166667,19.755283,62.91856,-3.17962,-14.63194444,0,170.3013889,0.0966658,0,2.275155942490551,39.13881384123535,TRUE
11,1/12/2017,0.507115824,0,-315,167.5833333,15.575591,58.89711,-4.02145,-6.6875,0,129.3965278,0.0695471,0,3.1884092547980414,28.523450688743747,TRUE
12,1/13/2017,0.644716074,0,-20,165.3333333,17.14246,52.12406,-6.77305,-3.048611111,0,129.7541667,0.0278653,0,4.461069524815375,30.27479785436312,TRUE
13,1/14/2017,0.564276213,0,-1,140.0833333,18.810774,50.649384,-1.474676,-2.194444444,0,109.4784722,0.0356522,0,3.388913457,24.476081630511032,TRUE
14,1/15/2017,0.545784499,8,348,334.8333333,15.56328,48.05054,-2.598844,-1.958333333,0,154.2013889,0.0388358,0,3.3082395039110604,37.745274880812396,TRUE
15,1/16/2017,0.2784001,0,-388,103.9166667,16.636911,62.239243,14.188703,0.284722222,0,65.72361111,0.0203942,0,3.1606027593917134,38.926068625199875,TRUE
16,1/17/2017,0.235136321,0,329,226.1666667,21.105274,75.80661,13.567367,0.326388889,0,91.40763889,0.0213105,0,1.6831625274419801,22.266986587754836,TRUE
17,1/18/2017,0.292961016,6,362,645.0833333,22.528276,58.633198,-17.173412,-8.357638889,0,358.0263889,0.0215373,0,1.6184774941914546,36.76816073915405,FALSE
18,1/19/2017,0.36245305,5,-206,536.8333333,19.206676,57.08163,-1.551568,-21.68402778,0,273.5902778,0.0192605,0,3.335972243481836,48.78804750650935,TRUE
19,1/20/2017,0.347674711,8,-187,308,18.301702,67.19422,10.11259,-15.17708333,0,187.7298611,0.0137872,0,3.8615100413077115,33.45308939314528,TRUE
20,1/21/2017,0.327488741,0,191,427.5833333,17.566845,62.946304,-4.247916,-14.29861111,0,225.8854167,0.019462,0,2.5479988134078355,50.03626787616486,TRUE
21,1/22/2017,0.419393077,0,-157,422.1666667,17.971169,67.644005,4.697701,-17.25347222,0,228.0041667,0.0249319,0,3.2321234990989383,26.333709516983838,TRUE
22,1/23/2017,0.47634043,0,49,401.6666667,19.350067,63.337387,-4.306618,-10.78472222,0,139.8909722,0.0222686,0,3.066636840704418,61.421871377110385,TRUE
23,1/24/2017,0.46912768,4,-402,110.25,19.330322,60.639595,-2.697792,-12.42708333,0,92.17986111,0.0221916,0,3.845837227693145,26.37739861961016,TRUE
24,1/25/2017,0.21922414,10,108,161.1666667,18.114708,52.134476,-8.505119,-6.857638889,0,120.0708333,0.0193924,0,3.501232542233265,41.34817144321147,TRUE
25,1/26/2017,0.00010552,6,959,898.1666667,17.642244,49.7222,-2.412276,-7.138888889,0,239.2076389,0.023243,0,3.043478455916683,63.95293877687433,TRUE
26,1/27/2017,-0.346355425,6,-242,729.1666667,18.495525,52.12126,2.39906,-19.66319445,0,373.0055556,0.0239028,0,3.3292372061065794,44.20097102111205,TRUE
27,1/28/2017,-0.773974341,0,-366,465.8333333,14.502006,51.668503,-0.452757,-13.49305556,0,182.5979167,0.0261035,0,2.5882724348119828,23.08055017770415,TRUE
28,1/29/2017,-1.03833184,0,-222,314.8333333,15.746774,59.077106,7.408603,-12.95138889,0,158.3368056,0.0255026,0,3.539601932223653,29.226585464794677,TRUE
29,1/30/2017,-1.017096237,4,-14,286.9166667,16.8698,65.52597,6.448864,-4.871527778,0,147.4472222,0.0233218,0,2.0000288878881367,34.31736307978628,TRUE
30,1/31/2017,-0.924508749,5,677,819.1666667,7.1491184,63.749435,-1.776535,-16.95138889,0,385.6222222,0.0182562,0,1.6003584173504313,22.011134098837427,TRUE
31,2/1/2017,-0.515699153,8,328,936.9166667,6.329708,71.873344,8.123909,-27.51388889,0,497.9930556,0.0214231,0,2.7297098500502077,56.19127229983897,TRUE
32,2/2/2017,-0.559895617,0,-464,676.5833333,8.479512,64.94389,-6.929454,-23.39236111,0,377.75625,0.018688,0,1.5386435423279607,26.343529337710407,TRUE
33,2/3/2017,-0.505802761,5,-122,645.75,15.373011,66.821594,1.877704,-23.18055556,0,347.8944444,0.0136227,0,3.5761635499173985,28.16149567221915,TRUE
34,2/4/2017,-0.295616902,0,-157,480.9166667,11.188959,73.82824,7.006646,-18.625,0,239.4861111,0.0121278,0,3.807890341434421,43.54677601008479,TRUE
35,2/5/2017,-0.124725295,8,158,585.9166667,13.160289,73.56701,-0.26123,-19.19791667,0,299.6972222,0.0125761,0,2.5044808559262464,32.91461604373731,TRUE
36,2/6/2017,0.107920106,0,-222,422.8333333,14.897869,76.336815,2.769805,-16.20138889,0,265.6361111,0.0107811,0,1.5559964814816107,32.43227333709015,TRUE
37,2/7/2017,0.327797666,8,-101,309.5833333,15.822717,67.29823,-9.038585,-15.75347222,0,183.2625,0.0086054,9.62E-08,3.0167361039954783,24.06627399863901,TRUE
38,2/8/2017,0.478166964,0,-212,172.3333333,16.084068,65.96988,-1.32835,-4.927083333,0,111.8430556,0.00591429,5.87E-08,3.238021802922428,43.04213950427488,TRUE
39,2/9/2017,0.54552207,6,93,298.0833333,10.893875,68.643524,2.673644,-3.784722222,0,146.18125,0.00687657,2.05E-06,1.5313883595232152,20.88149045685494,TRUE
40,2/10/2017,0.600440654,0,247,319.8333333,7.7931895,52.649918,-15.993606,-8.552083334,0,189.8881944,0.00731094,9.95E-08,4.288969671798761,13.560178617512287,FALSE
41,2/11/2017,0.713282704,0,-437,115.5833333,13.623895,44.678276,-7.971642,-8.291666666,0,92.05,0.00679187,9.77E-08,3.5999175577226126,19.041463965640318,FALSE
42,2/12/2017,0.75172122,6,260,186.6666667,10.978921,48.306488,3.628212,-0.930555556,0,103.2444444,0.00527996,1.76E-07,3.2233462889681403,27.02881439690727,TRUE
43,2/13/2017,0.789264225,0,135,374.1666667,6.234468,42.981632,-5.324856,-3.006944445,0,172.0069444,0.00922639,2.15E-07,1.9535680577470484,11.471136289206818,FALSE
44,2/14/2017,0.884206279,0,-495,49.91666667,2.2385464,44.647224,1.665592,3.21875,0,64.27916667,0.0106734,7.37E-08,3.498876301326081,20.47219878496731,TRUE
45,2/15/2017,0.966932695,0,305,250,2.1171188,42.58611,-2.061114,-0.288194444,0,91.84513889,0.0116242,3.00E-07,3.037867162952258,11.873515115991461,FALSE
46,2/16/2017,0.969323232,8,655,748,2.359552,33.08606,-9.50005,-2.486111111,0,193.8444444,0.0112409,5.63E-08,1.5955092006958764,38.46253524579216,TRUE
47,2/17/2017,0.95020961,0,-73,805.4166667,2.7794778,26.248436,-6.837624,-15.43402778,0,397.4027778,0.0130166,2.01E-07,1.5287725836284574,8.666171918444302,FALSE
48,2/18/2017,0.883149495,0,-63,632.5,9.206294,17.701313,-8.547123,-18.06597222,0,313.3013889,0.0164273,4.12E-07,1.4703335935961703,13.35672613868606,FALSE
49,2/19/2017,0.781974401,0,-101,457.75,9.297855,27.263441,9.562128,-14.33680556,0,228.3125,0.0229568,4.77E-07,2.899471966900001,21.23122105,TRUE
50,2/20/2017,0.637441693,6,-105,365.5833333,8.756784,18.868462,-8.394979,-11.13194444,0,198.95625,0.0274418,1.11E-06,2.603472217884489,25.36961106068123,FALSE
51,2/21/2017,0.504891582,7,-324,142.4166667,9.502379,5.140251,-13.728211,-2.215277778,0,86.12777778,0.0170089,4.18E-07,2.158936631503842,24.12692103351909,TRUE
52,2/22/2017,0.186088788,10,516,572.3333333,7.5589314,13.448202,8.307951,-9.871527778,0,229.7722222,0.0152443,6.39E-06,3.683351548384037,44.430211805403644,TRUE
53,2/23/2017,-0.05733952,11,-117,561.25,7.765189,26.385239,12.937037,-3.121527778,0,224.3458333,0.0126071,2.04E-06,2.5036141838781143,58.72573962862741,TRUE
54,2/24/2017,-0.185614291,6,365,791.75,7.0900955,24.91662,-1.468619,-15.67361111,0,384.2895833,0.0115546,1.65E-06,2.5398833461171373,28.188897478096663,TRUE
55,2/25/2017,-0.347070111,0,-832,217.9166667,6.681144,24.663458,-0.253162,-11.61111111,0,169.1520833,0.00924233,1.36E-07,2.7043970167595144,15.492233067898795,FALSE
56,2/26/2017,-0.389570373,0,-180,81.91666667,7.540314,29.2993,4.635842,-4.274305555,0,70.47083333,0.00938362,4.52E-07,3.7963907567544304,10.424396042422696,FALSE
57,2/27/2017,-0.351526764,5,543,535.8333333,7.6623797,14.497864,-14.801436,-4.836805556,0,201.9847222,0.00837154,1.40E-06,1.7612525814953197,13.25721874752685,FALSE
58,2/28/2017,-0.305328028,0,-114,437.75,7.6369243,-17.783216,-32.28108,-12.48958333,4,193.9513889,0.00653499,1.15E-06,2.3315658343376526,29.83813093688116,TRUE
59,3/1/2017,-0.190151517,7,624,1014.083333,7.094523,-56.252975,-38.469759,-17.96527778,0,546.1694444,0.00801514,3.97E-07,1.8552852952525036,47.993001637559146,TRUE
60,3/2/2017,0.036447155,9,-30,946.4166667,1.9742136,-65.52459,-9.271615,-37.59027778,0,544.0201389,0.00813962,5.61E-07,3.638068490354923,36.396598226453484,TRUE
61,3/3/2017,0.257320914,6,-189,777.25,3.737529,-39.12129,26.4033,-30.56597222,0,418.0951389,0.00951811,2.34E-07,2.0849406097787178,30.376443323041816,TRUE
62,3/4/2017,0.389108428,8,265,654.0833333,3.637962,-14.76995,24.35134,-28.45833333,0,401.6152778,0.00671278,3.57E-07,2.9742706381039503,49.95911621,TRUE
63,3/5/2017,0.443231502,3,-341,692.25,2.6292171,-5.08004,9.68991,-23.49652778,0,385.6604167,0.00827033,2.34E-07,2.5769679999475397,42.49006878922194,TRUE
64,3/6/2017,0.477291804,2,184,688.8333333,4.1019783,0.95528686,6.03532686,-27.48263889,56,443.93125,0.00707939,2.91E-07,2.861159105388971,54.27371999297227,TRUE
65,3/7/2017,0.504682472,4,-404,537.6666667,6.845247,3.1630282,2.20774134,-24.82291667,0,354.8138889,0.00566857,2.02E-07,3.416389283250077,21.368375220129337,TRUE
66,3/8/2017,0.530249288,6,264,559.8333333,9.289109,1.9766958,-1.1863324,-18.92361111,0,254.9069444,0.00476015,3.79E-07,2.419893647690646,21.452239139055315,TRUE
67,3/9/2017,0.58957972,0,66,796.5,9.000062,-1.5659643,-3.5426601,-23.98263889,0,387.6381944,0.00461613,2.36E-07,2.419608564259168,22.67138477513345,TRUE
68,3/10/2017,0.641906477,0,-39,777.6666667,7.451545,-0.65519303,0.91077127,-22.875,0,312.9465278,0.00453993,1.76E-07,2.813350348191237,15.944289172973994,FALSE
69,3/11/2017,0.665262639,0,-112,618.5,4.9546227,-5.8548713,-5.19967827,-16.19444444,0,184.2909722,0.00392456,4.02E-08,3.768550283443215,28.222662678566614,TRUE
70,3/12/2017,0.674954614,0,-260,452.75,5.1130614,-8.622301,-2.7674297,-20.54513889,0,260.8534722,0.00345833,4.20E-08,2.533234239135698,19.462674080327456,FALSE
71,3/13/2017,0.666368685,0,-425,117.9166667,5.4165554,-9.865943,-1.243642,-6.059027778,0,68.84166667,0.00339382,3.03E-08,2.0413593493025886,22.929975931555422,TRUE
72,3/14/2017,0.653256536,4,160,210.3333333,3.4395876,-7.6896734,2.1762696,-8.732638889,0,112.6055556,0.00315161,3.52E-08,2.540639969096099,19.171124542882314,FALSE
73,3/15/2017,0.674327716,0,363,422.5,35.321465,-2.7812424,4.908431,-0.708333334,0,155.0263889,0.00341741,3.78E-08,3.7004954095406486,27.711800103626885,TRUE
74,3/16/2017,0.681314264,0,-274,333.5,34.471474,2.208571,4.9898134,-9.861111111,0,125.2201389,0.00362888,3.19E-08,3.7357141629144093,32.19533324309509,TRUE
75,3/17/2017,0.66229006,0,-131,177.25,3.2413213,6.0289316,3.8203606,-4.326388889,0,80.86111111,0.00340589,2.09E-08,3.1894365672350102,20.866452254210206,TRUE
76,3/18/2017,0.609408181,0,-122,129.4166667,33.058826,8.483631,2.4546994,-2.131944444,0,49.46527778,0.00332331,8.47E-08,2.564834796362836,38.40109926524583,TRUE
77,3/19/2017,0.58463114,0,5,117,3.47043,11.657568,3.173937,-0.305555556,0,80.33333333,0.00362194,4.66E-08,2.7919661834701275,16.11474233386114,FALSE
78,3/20/2017,0.600753017,0,136,150.5833333,28.084019,11.047342,-0.610226,-0.635416667,0,62.50138889,0.00376664,1.85E-07,3.2205583438303664,27.861708083784166,TRUE
79,3/21/2017,0.606722052,0,862,970.6666667,36.989067,11.353106,0.305764,-6.982638889,0,399.0451389,0.004029,6.48E-08,2.957885742576217,31.944037274635424,TRUE
80,3/22/2017,0.596987651,0,-52,825.3333333,36.414364,13.527864,2.174758,-23.47222222,0,546.0666667,0.00402959,4.53E-07,1.387511701,9.866503735,FALSE
81,3/23/2017,0.580655519,0,-493,503.8333333,28.818403,16.005394,2.47753,-16.24305556,7,218.7722222,0.004693,9.66E-08,3.5054768860222465,31.268666512828627,TRUE
82,3/24/2017,0.55640516,0,-257,233.8333333,33.00125,18.742426,2.737032,-8.038194444,2,99.08125,0.0055628,9.69E-08,2.9330956079400337,30.74612782022182,TRUE
83,3/25/2017,0.530010749,0,-50,183.6666667,30.371813,21.567703,2.825277,-9.159722222,0,85.23958333,0.00418634,4.12E-07,4.017931271530338,17.215615724114492,FALSE
84,3/26/2017,0.456141618,0,-89,140.6666667,33.986813,22.490677,0.922974,-4,5,73.4875,0.00409057,1.95E-06,3.579638968308813,13.398517074400749,FALSE
85,3/27/2017,0.325234507,0,1211,1024.416667,29.852034,22.938868,0.448191,-38.94097222,0,651.56875,0.00437743,7.99E-06,4.334070705662705,15.76927353813452,FALSE
86,3/28/2017,0.183658101,0,-119,824.5,34.00096,21.564308,-1.37456,-40.03819444,0,527.6902778,0.00423277,4.98E-06,2.7525582277362277,19.05445411603986,FALSE
87,3/29/2017,0.073188765,0,-261,746.25,13.558877,21.132906,-0.431402,-35.03819444,0,422.5472222,0.00413289,1.01E-06,2.546332202779762,8.194940007580778,FALSE
88,3/30/2017,0.020226568,0,-85,691.75,15.7563925,21.259773,0.126867,-32.21527778,0,468.5048611,0.00322245,5.54E-07,3.875461454269459,23.339931828454194,FALSE
89,3/31/2017,-0.02660604,0,336,772.8333333,23.968166,23.721832,2.462059,-36.65625,0,558.7479167,0.00316019,2.72E-06,3.860880991043211,23.549531455765678,TRUE
90,4/1/2017,-0.090312303,0,-28,720.3333333,11.121251,23.89405,0.172218,-20.11458333,0,389.6291667,0.00278979,6.87E-05,3.112699439709197,33.524988057509496,TRUE
91,4/2/2017,-0.18715387,0,-562,403.25,11.763338,23.01239,-0.88166,-10.87847222,0,205.0604167,0.00294223,8.88E-05,3.452059730182095,38.49807609667388,TRUE
92,4/3/2017,-0.274300902,0,-357,270.8333333,20.494324,23.298836,0.286446,-5.243055555,0,136.5229167,0.00360602,9.06E-05,2.530492434,8.111143283434576,FALSE
93,4/4/2017,-0.307755364,0,651,872.6666667,22.662483,22.419308,-0.879528,-18.72916667,8,379.9951389,0.00383781,7.63E-06,1.8668120314961782,17.02134294,FALSE
94,4/5/2017,-0.319574608,0,-391,352,24.543018,21.246023,-1.173285,3.795138889,0,141.6791667,0.00331388,1.79E-06,2.992147745,30.071558807847765,TRUE
95,4/6/2017,-0.355352925,0,171,523.1666667,23.116568,19.711283,-1.53474,-3.368055556,0,200.7173611,0.00315645,8.65E-06,3.459624856986604,32.91792710459708,TRUE
96,4/7/2017,-0.401458026,0,-188,479.5,24.343727,20.499292,0.788009,-2.423611111,0,232.6715278,0.00255755,6.71E-06,4.064252097222401,34.08196187988734,TRUE
97,4/8/2017,-0.450400387,0,640,783.4166667,28.742302,18.51259,-1.986702,-6.152777778,0,372.3930556,0.00211439,1.96E-06,3.8059824563838953,18.965873622680924,FALSE
98,4/9/2017,-0.4430717,0,-166,733.9166667,28.020864,17.290573,-1.222017,-13.82291667,0,461.7555556,0.0022119,3.17E-07,3.6756519232651335,19.559030497242485,FALSE
99,4/10/2017,-0.407055171,0,-973,74.58333333,28.702335,13.401403,-3.88917,9.291666666,0,80.34652778,0.00166063,3.76E-07,2.6346555101707714,19.78192725212858,FALSE
100,4/11/2017,-0.369531789,0,769,604.8333333,29.279137,12.321851,-1.079552,0.211805556,0,262.275,0.00165522,5.64E-07,2.401153479492258,15.429127173406467,FALSE
101,4/12/2017,-0.339920109,0,-345,342.25,27.404093,9.139086,-3.182765,-2.649305556,0,169.5638889,0.00143218,3.01E-07,3.0119035435597104,32.82093857380091,TRUE
102,4/13/2017,-0.333431236,0,-137,246.75,9.013959,8.236465,-0.902621,3.850694444,0,124.4215278,0.00126082,1.12E-07,2.4406688515192387,16.550925704462344,FALSE
103,4/14/2017,-0.340693997,0,380,618.4166667,7.783483,7.4199805,-0.8164845,-11.64930556,0,535.8326389,0.0012834,1.58E-07,3.0307589430888098,15.038119489498367,FALSE
104,4/15/2017,-0.344650655,0,-328,362.5833333,7.5663776,6.5226803,-0.8973002,-4.822916667,3,165.8756944,0.00120444,1.12E-07,3.4771204389817294,23.167253055283556,TRUE
105,4/16/2017,-0.335471238,0,-114,222.5833333,1.3695871,7.5375094,1.0148291,3.166666667,0,113.1381944,0.00121616,5.81E-07,2.992586098094364,25.935863309262107,TRUE
106,4/17/2017,-0.33294363,0,-46,216.5,4.5810337,6.16482,-1.3726894,6.347222222,0,105.0777778,0.00114345,3.12E-06,3.4565174788786113,35.52379895249109,TRUE
107,4/18/2017,-0.329041707,5,201,381.5833333,2.2550335,7.007007,0.842187,18.45833333,0,111.0319444,0.00131052,8.46E-06,2.2312121744050253,16.55008304925875,FALSE
108,4/19/2017,-0.331040067,0,418,701.4166667,1.8990599,6.0258293,-0.9811777,0.201388889,2,286.4895833,0.00122466,1.82E-06,3.2474303062027836,15.676668641263406,FALSE
109,4/20/2017,-0.34331076,0,426,1008.833333,2.1345136,5.332525,-0.6933043,-20.63194444,0,526.1861111,0.00128943,1.19E-06,5.252259256849263,31.198412338656848,FALSE
110,4/21/2017,-0.357748093,6,-336,775.4166667,1.1294346,4.757055,-0.57547,-7.024305556,0,348.2368056,0.00112499,9.15E-07,1.3979983187527885,13.444008678796873,FALSE
111,4/22/2017,-0.377118668,0,947,1042.666667,2.4866748,5.502137,0.745082,-33.08333333,0,808.6347222,0.00115538,1.43E-06,2.852330612831986,19.730018201546894,FALSE
112,4/23/2017,-0.394174777,0,-546,916.25,0,5.0766582,-0.4254788,-32.61805556,0,633.0541667,0.00116033,0.00E+00,4.194401328230829,13.018886165687249,FALSE
113,4/24/2017,-0.419389591,0,-348,750.8333333,1.4902827,6.000307,0.9236488,-27.73263889,0,499.7951389,0.00111486,0.00E+00,4.022626561660739,15.321791489329712,FALSE
114,4/25/2017,-0.439475918,0,-181,536.8333333,0,6.6155753,0.6152683,-21.97222222,1,348.3333333,0.00120263,0.00E+00,1.7553612538096344,11.556046669031229,FALSE
115,4/26/2017,-0.46210571,0,-82,572.1666667,3.496077,5.6388264,-0.9767489,-15.62152778,0,254.6416667,0.0011644,0.00E+00,2.7155542284366594,27.671972415955313,TRUE
116,4/27/2017,-0.485283306,0,-146,372.0833333,2.6592627,4.1744933,-1.4643331,-13.10416667,0,184.5736111,0.0012995,0.00E+00,2.7639258769876203,51.68305443909252,TRUE
117,4/28/2017,-0.507559797,0,-99,410.0833333,2.9012964,3.259529,-0.9149643,-10.79513889,0,186.3354167,0.00138542,0.00E+00,2.563616092165131,10.417864288261388,FALSE
118,4/29/2017,-0.539532354,0,40,435.75,2.052885,2.4525552,-0.8069738,-6.090277778,2,206.4055556,0.00175926,0.00E+00,2.776092841,33.37069228603029,TRUE
119,4/30/2017,-0.567461182,0,-110,373.75,2.2474067,-0.61571985,-3.06827505,-0.270833334,0,160.8319444,0.00198737,0.00E+00,1.6527804996098558,25.700406286876834,TRUE
120,5/1/2017,-0.591697559,0,-138,227.25,0,-0.60565716,0.01006269,3.128472222,0,113.2284722,0.00149546,0.00E+00,2.069789322572304,15.782995026034085,FALSE
121,5/2/2017,-0.602719319,0,-91,130.3333333,0,-0.8560946,-0.25043744,6.430555556,0,99.52916667,0.00129087,1.80E-07,1.8704136241096203,27.314235969213332,TRUE
122,5/3/2017,-0.618953283,0,70,222.3333333,0,-1.9285052,-1.0724106,4.420138889,0,111.9354167,0.00117459,1.38E-07,1.915772155764516,10.882562182451773,FALSE
123,5/4/2017,-0.63100516,6,13,244,0,-2.5487506,-0.6202454,9.920138889,0,121.8958333,0.00130211,1.62E-07,2.685541037933481,30.664027215470504,TRUE
124,5/5/2017,-0.650157003,0,-57,182.8333333,0,-4.2206893,-1.6719387,5.336805555,0,79.32916667,0.00129216,6.90E-07,1.3886598754805208,20.94351768595113,TRUE
125,5/6/2017,-0.6793974,0,-175,61.41666667,0,-4.830363,-0.6096737,12.48263889,0,58.80833333,0.00137363,5.18E-07,1.2025099523949072,17.97783277272211,FALSE
126,5/7/2017,-0.691420861,0,693,563.25,0,-5.942497,-1.112134,0.722222222,0,259.0694444,0.00114338,8.70E-08,2.6026618645288986,20.552506230078475,TRUE
127,5/8/2017,-0.708878734,0,-390,247.25,0,-5.5950336,0.3474634,0.701388889,0,136.5555556,0.00126417,9.27E-08,4.679571328,28.79048023211756,FALSE
128,5/9/2017,-0.734223342,0,-169,151.4166667,0,-6.279136,-0.6841024,7.263888889,3,133.9923611,0.00132496,9.89E-08,3.5692944395351316,11.206506992397374,FALSE
129,5/10/2017,-0.76167094,0,-40,132.5833333,0,-7.721368,-1.442232,7.631944445,7,92.92916667,0.00118245,3.12E-08,2.5995848712983705,20.183822174082408,TRUE
130,5/11/2017,-0.793337817,0,132,168.3333333,0,-7.4261746,0.2951934,14.59722222,2,95.89722222,0.0013859,4.54E-08,3.4238214329104193,33.76108771,TRUE
131,5/12/2017,-0.827366316,0,-3,225.6666667,0,-7.245887,0.1802876,8.6875,0,121.4347222,0.00127923,6.03E-08,1.6241248110852007,18.738010108471457,FALSE
132,5/13/2017,-0.850664394,0,16,194.6666667,0,-8.477226,-1.231339,11.28125,0,100.9548611,0.00125246,3.45E-08,4.290837821342975,13.881260039607254,FALSE
133,5/14/2017,-0.884707194,0,40,267.0833333,0,-8.038746,0.43848,17.45486111,1,135.5604167,0.00115661,4.68E-08,3.2869726954983944,11.262101022534992,FALSE
134,5/15/2017,-0.904827233,0,291,456.25,0,-9.480334,-1.441588,15.61458333,8,209.1236111,0.00124937,4.21E-08,2.523263098979056,28.504497101268882,TRUE
135,5/16/2017,-0.92496774,0,-176,343.75,0,-9.889591,-0.409257,2.322916667,10,196.4548611,0.00154765,3.05E-07,3.039522808478113,13.060581324158532,FALSE
136,5/17/2017,-0.943984836,0,312,716.25,0,-10.310944,-0.421353,-1.111111111,1,274.3756944,0.00205764,7.82E-08,3.034309397936219,20.940156782103976,TRUE
137,5/18/2017,-0.961420315,0,161,769.8333333,0,-11.497883,-1.186939,-4.677083334,44,240.0340278,0.00203298,1.46E-07,2.357519489603997,8.510525542274383,FALSE
138,5/19/2017,-0.985177581,0,-1,748.3333333,0,-11.787824,-0.289941,-1.958333334,5,317.6083333,0.00258563,1.24E-07,2.1646511547609544,9.530962129064623,FALSE
139,5/20/2017,-1.01187693,7,136,835.8333333,0,-12.448403,-0.660579,-21.92361111,0,601.6131944,0.00198699,1.79E-07,1.2230883031712039,9.826659993555351,FALSE
140,5/21/2017,-1.026783957,0,-486,469.5,0,-12.679935,-0.231532,-18.77430556,0,288.6923611,0.00175994,1.59E-07,1.5705332058471393,16.716259031352394,FALSE
141,5/22/2017,-1.04296375,0,76,522.5,0,-13.84128,-1.161345,-15.54513889,4,348.1638889,0.00160243,1.98E-07,1.8413334632298917,11.627004556940907,FALSE
142,5/23/2017,-1.068959517,0,-28,506.0833333,0,-14.941542,-1.100262,-13.37152778,0,223.4576389,0.00141603,6.48E-07,1.5804741967484413,33.300711583138096,TRUE
143,5/24/2017,-1.093872147,0,-326,273.6666667,0,-14.387756,0.553786,-10.40277778,0,149.0222222,0.00142536,5.59E-07,1.7619089293780672,5.883377568064558,FALSE
144,5/25/2017,-1.107823642,0,-60,182.9166667,0,-15.979072,-1.591316,-2.913194444,29,88.45972222,0.00173157,5.28E-07,3.128047800967639,18.953658307649203,FALSE
145,5/26/2017,-1.126600958,0,-22,181.9166667,0,-15.1869335,0.7921385,-0.145833333,7,110.1381944,0.00180887,4.33E-07,1.853546176437493,7.697835559208427,FALSE
146,5/27/2017,-1.145360843,0,1075,948.9166667,0,-15.822335,-0.6354015,9.756944445,10,207.8215278,0.00157969,1.41E-06,1.5946259092496442,15.07215683440898,FALSE
147,5/28/2017,-1.161656995,0,397,1269.666667,0,-17.271547,-1.449212,-77.85763889,0,909.7319444,0.00281336,5.19E-06,1.7249975050655935,18.46578504602724,FALSE
148,5/29/2017,-1.17839187,0,-767,838.5833333,0,-17.27777,-0.006223,-20.8125,0,275.2333333,0.00245796,1.02E-06,1.912217305825975,13.134666798692205,FALSE
149,5/30/2017,-1.20372901,0,-146,479.75,0,-17.543913,-0.266143,-20.25694444,0,144.8305556,0.00206891,1.03E-06,2.3321956849610728,9.273687794,FALSE
150,5/31/2017,-1.210278167,0,-667,88.58333333,0,-19.102041,-1.558128,-9.975694444,13,109.4208333,0.00185518,3.18E-06,1.2400375214218216,13.67615040741736,FALSE
151,6/1/2017,-1.223509888,0,160,209.6666667,0,-19.594109,-0.492068,3.527777778,0,116.8451389,0.00186894,1.02E-05,1.921338731695606,14.755894834994853,FALSE
152,6/2/2017,-1.230600909,0,-34,191.1666667,0,-20.303045,-0.708936,-6.940972222,0,138.6805556,0.00213757,1.24E-05,2.5981775774433653,17.770082707370577,FALSE
153,6/3/2017,-1.245191802,0,789,841,0,-19.817879,0.485166,-3.871527778,0,236.6611111,0.00228402,3.95E-06,3.272527785,21.25581896039031,TRUE
154,6/4/2017,-1.25932172,8,-922,76.41666667,0,-21.28809,-1.470211,-10.84027778,0,76.40486111,0.00210629,6.16E-07,1.5525688711732175,14.239235221522675,FALSE
155,6/5/2017,-1.265875756,0,236,230,0,-21.907797,-0.619707,-1.413194445,0,104.2479167,0.00220591,4.10E-06,3.073286310753355,16.526063222258916,FALSE
156,6/6/2017,-1.282260554,0,12,326.5833333,0,-22.879341,-0.971544,-2.229166667,2,139.8645833,0.00266394,8.58E-07,3.3131774475275386,21.759036376511055,TRUE
157,6/7/2017,-1.29617339,6,-129,185.8333333,0,-22.13276,0.746581,2.104166667,0,112.4173611,0.00259251,2.06E-06,,,
158,6/8/2017,-1.310945761,5,-28,155.25,0,-23.558548,-1.425788,0.767361111,0,98.62777778,0.00260595,4.05E-07,1.1559397477048199,8.597285538,FALSE
159,6/9/2017,-1.317315983,9,-16,167.0833333,0,-22.70723,0.851318,3.090277778,0,123.0743056,0.00272905,5.85E-07,0.5741073008531893,3.4376913608094064,FALSE
160,6/10/2017,-1.332841964,8,-59,124.9166667,0,-23.14931,-0.44208,5.003472222,0,107.8541667,0.00333978,2.20E-07,3.0143599192123722,29.058655579542407,TRUE
161,6/11/2017,-1.342530657,5,656,722.0833333,0,-24.257032,-1.107722,3.121527778,0,260.9902778,0.00361739,1.83E-07,2.287989792080401,30.51098111623045,TRUE
162,6/12/2017,-1.352327357,5,-400,310.4166667,0,-25.46147,-1.204438,-3.888888889,0,207.1819444,0.0032224,1.54E-07,1.8203418216752267,25.194637614121962,TRUE
163,6/13/2017,-1.363366449,5,82,363.9166667,0,-25.227177,0.234293,-4.027777778,8,198.0270833,0.00315618,5.54E-07,,,
164,6/14/2017,-1.369536926,0,-99,281.6666667,0,-25.398064,-0.170887,-6.236111111,2,132.4604167,0.00427896,3.77E-07,2.3154604028406145,23.518079313113816,TRUE
165,6/15/2017,-1.378680658,0,-219,96.41666667,0,-25.588657,-0.190593,1.100694444,90,88.91041667,0.0038076,5.51E-07,2.8763627402279024,20.225991473978215,TRUE
166,6/16/2017,-1.380438522,0,1023,928.0833333,0,-24.97663,0.612027,-2.059027778,43,442.7527778,0.00334067,1.06E-07,1.1443069974479867,15.623273219193218,FALSE
167,6/17/2017,-1.393038,0,-351,527.8333333,0,-24.741005,0.235625,-16.71527778,52,339.4333333,0.00406287,1.82E-07,2.654090840316644,32.19723290822497,TRUE
168,6/18/2017,-1.390531118,0,3,647.0833333,0,-25.94679,-1.205785,-19.65972222,0,328.6791667,0.00382522,4.01E-07,2.462213215581859,23.013174670449512,TRUE
169,6/19/2017,-1.392749635,0,-262,415.3333333,0,-26.441654,-0.494864,-15.79166667,0,207.3631944,0.00343365,7.62E-07,3.262517503722483,20.036724481916416,TRUE
170,6/20/2017,-1.394672228,0,-282,194.1666667,0,-26.678226,-0.236572,-10.61458333,11,99.80138889,0.00354325,3.37E-07,1.9578693606092414,37.02545296424376,TRUE
171,6/21/2017,-1.394005026,0,239,446.0833333,0,-26.426754,0.251472,-9.628472223,12,218.13125,0.00366535,1.54E-07,1.1970307334025228,8.986127870764557,FALSE
172,6/22/2017,-1.390300034,0,-15,442.0833333,0,-27.156385,-0.729631,-8.0625,8,198.8708333,0.00395145,2.01E-07,2.1663444932485554,27.15790883192936,TRUE
173,6/23/2017,-1.40116473,0,-143,289.0833333,0,-26.184538,0.971847,9.743055555,0,159.70625,0.00478124,1.01E-07,2.3880896289116396,19.016033955077916,FALSE
174,6/24/2017,-1.404584417,6,253,517.25,0,-26.539558,-0.35502,-4.381944444,0,306.7444444,0.00388813,9.68E-08,2.3367271061252595,14.056329412668742,FALSE
175,6/25/2017,-1.40495806,0,282,592.5833333,0,-25.911625,0.627933,-5.850694445,0,289.6881944,0.00398711,6.70E-08,1.682557019524726,6.419730272,FALSE
176,6/26/2017,-1.413455926,0,-263,478.1666667,0,-25.342964,0.568661,-6.284722222,13,222.9208333,0.00393161,1.68E-07,2.231946242,15.651280354773654,FALSE
177,6/27/2017,-1.412834176,4,-288,227.0833333,0,-26.468239,-1.125275,-6.378472222,5,137.9006944,0.00402996,3.73E-07,2.630747252646946,40.07744131473541,TRUE
178,6/28/2017,-1.410998289,0,-77,199,0,-26.300161,0.168078,-1.5625,1,126.875,0.00554077,1.65E-07,1.2662855003427531,20.526399365513754,TRUE
179,6/29/2017,-1.400165292,0,231,414,0,-26.849756,-0.549595,-1.993055555,20,123.3708333,0.00548319,6.21E-08,1.2974134738967653,9.163335171999094,FALSE
180,6/30/2017,-1.399267079,0,-239,199.5,0,-26.202822,0.646934,2.628472222,11,109.1569444,0.00555936,9.82E-08,3.2219904262870007,28.88227559413669,TRUE
181,7/1/2017,-1.403936044,0,678,794.1666667,0,-26.67382,-0.470998,4.131944444,0,307.1229167,0.00480413,3.85E-08,3.2700739795058893,26.67878525998177,TRUE
182,7/2/2017,-1.405527699,3,336,833.5833333,0,-26.963623,-0.289803,-5.288194444,16,298.0472222,0.00421649,4.44E-07,2.092358573400986,13.70570554,FALSE
183,7/3/2017,-1.413371323,0,-881,246.4166667,0,-25.07414,1.889483,-0.28125,0,133.7159722,0.00434237,2.04E-05,3.0226034765216094,13.481447108048279,FALSE
184,7/4/2017,-1.413027006,3,-36,292.4166667,0,-27.131065,-2.056925,0.541666667,0,123.9305556,0.00457986,1.81E-06,1.5847140646166737,29.525006122313766,TRUE
185,7/5/2017,-1.412676084,0,-256,93,0,-24.621803,2.509262,-2.430555556,0,82.86111111,0.00504354,5.58E-07,1.5099389475027147,12.551224302991573,FALSE
186,7/6/2017,-1.410153598,0,529,412.8333333,0,-26.236654,-1.614851,2.701388889,2,202.9722222,0.00508766,3.08E-07,1.7778633046603585,34.24601825411266,TRUE
187,7/7/2017,-1.411073447,0,-285,256.3333333,0,-26.593748,-0.357094,-2.09375,5,182.4215278,0.00437844,1.56E-06,1.2434172471012834,14.75132390415944,FALSE
188,7/8/2017,-1.405525026,0,-160,147.0833333,0,-26.01568,0.578068,1.614583333,0,90.12847222,0.00409354,5.41E-06,2.759668806,19.166940191716222,FALSE
189,7/9/2017,-1.397686544,3,862,923.8333333,0,-27.171194,-1.155514,-6.26388889,0,426.5895833,0.00481038,2.15E-05,3.579506823040178,26.07384774940663,TRUE
190,7/10/2017,-1.395872889,0,-324,594,0,-25.506939,1.664255,-12.46875,0,178.1840278,0.00476231,2.42E-06,2.0311470873469633,21.37367041695307,TRUE
191,7/11/2017,-1.378058525,0,-230,400.4166667,0,-25.334114,0.172825,-7.822916666,0,229.5972222,0.00436465,1.95E-06,1.8883495566824149,15.173429937571182,FALSE
192,7/12/2017,-1.376398723,6,-231,237.75,0,-25.10672,0.227394,-7.888888889,0,124.8965278,0.00498013,4.66E-07,3.3829417036360767,28.26599563265853,TRUE
193,7/13/2017,-1.366536471,5,15,183.75,0,-25.97041,-0.86369,-2.263888889,2,141.5368056,0.00498827,1.28E-05,2.5709150291728187,22.338438271344035,TRUE
194,7/14/2017,-1.344883055,8,-44,170.0833333,0,-24.816402,1.154008,3.5,1,87.21111111,0.00430106,3.77E-05,1.3403014426409512,27.704161302308183,TRUE
195,7/15/2017,-1.350977635,0,36,233.0833333,0,-24.915403,-0.099001,4.270833333,0,103.0770833,0.00355147,9.06E-06,1.8435131547496826,16.118680908692887,FALSE
196,7/16/2017,-1.345922567,0,1362,1490.166667,0,-25.465918,-0.550515,-20.33333333,0,771.4423611,0.00367585,4.78E-06,2.0533645699858574,14.825043176909446,FALSE
197,7/17/2017,-1.34184676,0,-166,1267.5,0,-24.900566,0.565352,-42.66319444,1,572.5,0.00388204,3.60E-06,2.2075824409783005,30.54511302979167,TRUE
198,7/18/2017,-1.320056104,0,-831,516.25,0,-24.181154,0.719412,-33.89930556,0,205.6631944,0.00435835,3.26E-06,2.200359518784465,17.701768539611432,FALSE
199,7/19/2017,-1.30250547,0,-287,209.0833333,0,-24.088417,0.092737,-19.57291667,0,118.0055556,0.00447735,4.35E-06,1.974191129438554,13.159451553043954,FALSE
200,7/20/2017,-1.28677292,0,220,374.75,0,-22.971148,1.117269,0.253472222,0,156.1701389,0.00482965,1.97E-06,2.8446461056021595,22.666013638297407,TRUE
201,7/21/2017,-1.253247377,7,334,792.8333333,0,-23.772423,-0.801275,-15.95833333,0,306.11875,0.00394527,3.52E-08,1.438903551856754,21.81664792598186,TRUE
202,7/22/2017,-1.238576883,0,701,839.25,0,-23.369318,0.403105,-12.56597222,19,311.5006944,0.00425851,1.04E-07,2.3114376585602923,18.856872578969703,FALSE
203,7/23/2017,-1.237091865,0,-612,795.6666667,0,-22.988117,0.381201,-19.14583333,0,412.9034722,0.00383358,1.94E-07,2.8843301110285964,12.81393598979634,FALSE
204,7/24/2017,-1.225475687,0,-125,669.75,0,-23.612831,-0.624714,-10.18402778,0,294.5680556,0.00360686,1.01E-07,2.5498755134752096,21.329217167235505,TRUE
205,7/25/2017,-1.216925272,0,-86,631.75,0,-23.061235,0.551596,-9.71875,0,313.4270833,0.00432089,1.04E-07,3.2098801355351427,24.740931153040183,TRUE
206,7/26/2017,-1.215164473,0,268,818.25,0,-21.354713,1.706522,-12.89236111,7,284.66875,0.00425865,1.18E-07,1.6548945175812015,23.134198955912574,TRUE
207,7/27/2017,-1.210835409,0,-601,371.75,0,-22.928516,-1.573803,-12.66666667,0,151.8159722,0.00340341,2.33E-07,3.8721776689110388,31.798133362454962,TRUE
208,7/28/2017,-1.187055864,8,175,404.25,0,-22.415516,0.513,-10.86111111,0,210.3381944,0.00338157,1.03E-07,2.8616494596660678,35.72336819274267,TRUE
209,7/29/2017,-1.181017932,0,-242,273.75,0,-21.247879,1.167637,-12.61111111,0,129.2965278,0.0032509,6.22E-08,2.160116277708901,30.508373766240034,TRUE
210,7/30/2017,-1.164781984,0,-137,169.75,0,-19.947138,1.300741,-7.472222222,0,112.34375,0.00318876,1.08E-07,1.8450034594520395,21.92312092122346,TRUE
211,7/31/2017,-1.153955487,0,38,216.4166667,0,-20.844143,-0.897005,-1.440972222,0,92.05208333,0.0038474,1.42E-06,2.154065694,14.395220321409864,FALSE
212,8/1/2017,-1.134899256,0,225,322.3333333,0,-19.855917,0.988226,8.472222222,0,159.0236111,0.00342495,2.30E-06,4.156312425255474,16.07485194717548,FALSE
213,8/2/2017,-1.115819467,0,35,384.5,0,-19.627596,0.228321,5.822916667,0,121.9291667,0.00329263,1.44E-06,2.900142361809464,19.24445406,FALSE
214,8/3/2017,-1.098789334,6,306,605.25,0,-18.004723,1.622873,8.378472223,3,233.7743056,0.00279979,1.30E-06,,,
215,8/4/2017,-1.088663526,0,428,1071.25,0,-19.052755,-1.048032,-1.277777777,0,435.5638889,0.00267261,1.26E-07,2.706194176770257,15.003859434679235,FALSE
216,8/5/2017,-1.077508086,0,-456,614.5833333,0,-19.809319,-0.756564,-11.52083333,15,426.8791667,0.00284902,2.15E-07,2.202202469064576,13.647042099314636,FALSE
217,8/6/2017,-1.059306464,0,431,860.4166667,0,-19.13535,0.673969,-9.888888889,0,314.6270833,0.00290155,2.04E-07,2.0286217639737676,17.457828985915953,FALSE
218,8/7/2017,-1.041990571,0,-733,386.75,0,-17.196133,1.939217,-5.444444445,0,148.9090278,0.0023633,1.14E-07,1.529095202,16.782647678243514,FALSE
219,8/8/2017,-1.024579057,0,-121,291.1666667,0,-17.0356,0.160533,-0.166666667,0,97.34375,0.00242986,7.20E-08,2.649687399661169,33.740972586836456,TRUE
220,8/9/2017,-1.004631522,0,-23,223.4166667,0,-16.242054,0.793546,5.069444445,1,147.3881944,0.0024811,7.98E-08,2.8640547516607207,20.535429844975887,TRUE
221,8/10/2017,-0.97911773,0,-4,261.0833333,0,-16.818863,-0.576809,4.763888889,26,121.5729167,0.0026285,1.01E-07,1.266632882509644,20.915719021883035,TRUE
222,8/11/2017,-0.969805017,0,194,351.1666667,0,-15.764631,1.054232,7.399305556,0,142.4791667,0.00286119,5.78E-08,1.5561996482481635,10.158049055611839,FALSE
223,8/12/2017,-0.932209147,0,21,426.3333333,0,-14.790273,0.974358,5.861111111,0,176.8743056,0.00235201,5.48E-08,2.3123835484687296,21.80018363,TRUE
224,8/13/2017,-0.905193752,0,27,428.0833333,0,-14.47796,0.312313,-0.385416667,0,196.2784722,0.00240583,1.06E-07,1.2078310360503108,12.435690672466952,FALSE
225,8/14/2017,-0.868432062,0,-150,306.0833333,0,-13.634754,0.843206,-1.215277778,0,145.775,0.00215756,4.36E-06,3.0781214838442503,19.38391212665943,FALSE
226,8/15/2017,-0.844782784,6,-269,132.5,0,-12.780367,0.854387,8.010416667,0,87.74444444,0.00197307,1.85E-06,3.6419137555305148,19.41398174012201,FALSE
227,8/16/2017,-0.814900408,6,196,282.4166667,0,-10.718268,2.062099,7.381944444,20,190.1666667,0.00213317,8.55E-07,3.721823470876668,29.576786028704323,TRUE
228,8/17/2017,-0.774904249,0,1341,945.75,0,-9.568739,1.149529,-7.701388889,3,482.8819444,0.00225987,1.13E-06,2.3807926307080236,45.61341777662064,TRUE
229,8/18/2017,-0.745738691,0,-305,1090,0,-10.32428,-0.755541,-14.19791667,0,393.4958333,0.00200239,6.96E-06,2.3803322383307908,11.401908971612109,FALSE
230,8/19/2017,-0.712530297,0,-261,931.0833333,0,-7.9339314,2.3903486,-17.44791667,0,557.8416667,0.00184298,1.12E-05,2.2720473652424116,15.97099874460425,FALSE
231,8/20/2017,-0.691381461,5,211,1108.666667,0,-7.5284815,0.4054499,-20.45138889,0,476.5520833,0.0021472,1.86E-05,2.066803521451877,19.033170166740188,FALSE
232,8/21/2017,-0.671818041,4,-551,535.5833333,0,-8.517591,-0.9891095,-10.38888889,11,244.0826389,0.00214304,9.49E-06,3.8209643346270465,13.513608487622896,FALSE
233,8/22/2017,-0.646256447,0,858,987.1666667,0,-9.299163,-0.781572,-17.43055555,0,447.8222222,0.00216328,3.09E-06,2.244406939917737,29.422477635205365,TRUE
234,8/23/2017,-0.627465908,0,-345,1052.083333,0,-7.038635,2.260528,-33.75,0,645.9930556,0.00178183,3.64E-06,2.041104781574464,16.470707770275833,FALSE
235,8/24/2017,-0.593018707,0,-459,622.6666667,0,-5.248762,1.789873,-23.65625,0,336.85,0.00175565,4.76E-06,2.0864813748072852,20.909129093580848,TRUE
236,8/25/2017,-0.561381777,0,-378,368.3333333,0,-3.253626,1.995136,-10.13888889,0,164.5944444,0.00165814,8.63E-06,2.2447837185834403,36.05603485691282,TRUE
237,8/26/2017,-0.544606,0,-187,188.25,0,-1.4845653,1.7690607,-9.180555556,0,97.3625,0.0015864,8.02E-07,3.259039662389608,28.27076408700183,TRUE
238,8/27/2017,-0.524327263,0,529,703.5833333,0,-2.1258302,-0.6412649,-14.6875,1,294.6097222,0.00160219,9.71E-06,1.8734647136370515,14.025564068317687,FALSE
239,8/28/2017,-0.493276297,0,-500,287.1666667,0,-0.9809634,1.1448668,-18.74652778,0,157.5013889,0.00156104,1.56E-06,1.363410861077791,24.940718979208732,TRUE
240,8/29/2017,-0.472663557,3,148,408.5,0,0.4088198,1.3897832,-0.336805556,0,166.3,0.00157147,4.43E-06,2.687651857190627,15.917748083894617,FALSE
241,8/30/2017,-0.45126147,0,-142,261.6666667,0,1.250773,0.8419532,-4.461805555,0,107.9083333,0.00137618,8.25E-06,1.2991470160220704,11.16513235351647,FALSE
242,8/31/2017,-0.423173561,0,842,1031.333333,0,3.7460217,2.4952487,-21.05902778,0,500.2729167,0.00150886,1.18E-06,3.002180027973554,16.901611531886008,FALSE
243,9/1/2017,-0.393647989,0,-114,683.9166667,0,5.907432,2.1614103,-4.451388889,1,368.1381944,0.00145418,3.18E-06,3.3854437744538086,49.40216477635042,TRUE
244,9/2/2017,-0.362184092,0,451,1033.166667,0,6.775284,0.867852,-6.048611111,0,429.8458333,0.00150094,1.18E-05,2.846979477652397,30.418900175581793,TRUE
245,9/3/2017,-0.331195452,0,-933,441.4166667,0,6.440229,-0.335055,3.493055555,0,222.5090278,0.00140328,1.76E-06,2.9453643304015253,22.018798179076207,TRUE
246,9/4/2017,-0.289193272,0,462,840.3333333,0,6.6467953,0.2065663,6.309027778,0,396.7854167,0.00132209,8.49E-05,1.4308515754604239,15.481332398386995,FALSE
247,9/5/2017,-0.256514601,0,-362,428,0,6.5383835,-0.1084118,2.461805556,0,253.2388889,0.0012639,6.46E-05,2.5347304824177277,20.713269633304627,TRUE
248,9/6/2017,-0.219088188,0,-65,402.5,0,10.38879,3.8504065,9.559027777,0,200.5756944,0.0011448,0.001466276,2.626407251297396,14.962846192212817,FALSE
249,9/7/2017,-0.182399179,0,1248,1156.916667,0,10.637974,0.249184,6.069444444,0,525.9645833,0.00122223,0.000218855,1.2949451262313323,14.55115781290528,FALSE
250,9/8/2017,-0.15541243,0,470,1442.083333,0,11.965214,1.32724,-89.13194444,0,1093.5625,0.00128582,0.000126714,4.173875822848288,21.37422677611306,TRUE
251,9/9/2017,-0.133855114,0,-1878,386.75,0,13.770773,1.805559,-47.39930556,0,202.3083333,0.00129131,5.87E-05,3.818991308361377,33.26215146429255,TRUE
252,9/10/2017,-0.119379235,3,145,498,0,15.364661,1.593888,-25.67013889,0,243.9055556,0.00127636,0.001293521,2.3671796061025825,17.21900575,FALSE
253,9/11/2017,-0.088222165,0,141,521.4166667,2.996849,16.660961,1.2963,-11.33680555,0,358.6659722,0.00138921,7.30E-06,1.536024536192002,43.41216446321229,TRUE
254,9/12/2017,-0.045695009,0,117,696.5,4.6949663,16.002747,-0.658214,-2.635416667,0,404.7166667,0.00127003,4.75E-06,2.100453312475116,28.618593545884124,TRUE
255,9/13/2017,-0.006986096,0,315,823.6666667,5.7478642,18.694662,2.691915,-14.85069444,1,280.0270833,0.00112543,1.89E-07,3.0625561830432866,19.960354685096394,FALSE
256,9/14/2017,0.035129321,3,147,898,4.8320327,20.466602,1.77194,-4.920138889,0,355.6965278,0.000976153,1.17E-07,1.7740937564079626,26.793700682109034,TRUE
257,9/15/2017,0.083915692,3,-66,1078.916667,6.08146,19.539055,-0.927547,-15.82291667,0,612.7006944,0.00106929,3.23E-07,2.3074345981045346,36.39530622733197,TRUE
258,9/16/2017,0.13441066,0,85,953.0833333,6.7573185,22.499662,2.960607,-20.44097222,15,545.2569444,0.00118099,2.08E-07,3.338948555267405,26.733517732198827,TRUE
259,9/17/2017,0.181963135,0,-25,917.25,7.2892885,23.779715,1.280053,-10.28819444,0,412.4416667,0.00124874,1.98E-07,3.923241581866851,40.542250704563095,TRUE
260,9/18/2017,0.222614512,0,-208,835,7.5617805,24.261757,0.482042,-12.11111111,2,455.8027778,0.00139443,9.75E-08,3.318932022324859,52.79665890016275,TRUE
261,9/19/2017,0.261140206,0,-465,541.9166667,6.4603753,24.360252,0.098495,-4.666666667,0,231.75,0.0012705,1.24E-07,,,
262,9/20/2017,0.301814666,7,-74,453.9166667,6.304169,25.90727,1.547018,-3.944444445,0,255.4527778,0.00155928,1.28E-06,3.5798197947379147,22.17423398282118,TRUE
263,9/21/2017,0.346479481,0,-53,428.25,6.441684,27.214666,1.307396,-1.569444444,0,199.9368056,0.00145248,1.45E-07,3.7661812399727346,36.956444324857216,TRUE
264,9/22/2017,0.373853372,0,30,480.9166667,7.385228,28.222591,1.007925,-0.944444444,0,186.8625,0.00141332,1.73E-07,2.8153227246234187,17.713877526867705,FALSE
265,9/23/2017,0.406070281,0,-35,388.4166667,7.2734337,28.631718,0.409127,3.461805556,0,150.6576389,0.0015959,3.60E-07,2.0914165983133146,19.562524447086002,FALSE
266,9/24/2017,0.437760581,0,-77,354.5833333,9.223424,29.588327,0.956609,13.58333333,2,156.5097222,0.00137188,4.05E-07,2.4463191402134545,41.63207130120084,TRUE
267,9/25/2017,0.474761422,7,-116,189.4166667,8.792682,29.589766,0.001439,5.736111111,3,104.7534722,0.00139642,8.74E-07,2.971402387081788,25.878882301889124,TRUE
268,9/26/2017,0.516934563,0,-114,95.41666667,9.780828,29.218702,-0.371064,19.17708333,0,64.50347222,0.00136996,2.88E-06,1.5592525558647334,24.310821992517756,TRUE
269,9/27/2017,0.550638534,5,952,1036.75,6.5473332,30.767418,1.548716,-6.204861111,0,513.5458333,0.0015363,2.67E-06,3.2117998752647363,61.14896114221327,TRUE
270,9/28/2017,0.59170918,0,134,978.5,8.307128,33.188396,2.420978,-40.11458333,0,745.3486111,0.00277751,4.21E-07,3.5211429880599607,34.804399894122184,TRUE
271,9/29/2017,0.623444181,0,-536,578.25,8.322346,35.00676,1.818364,-16.81597222,0,354.6333333,0.00147917,4.07E-07,2.5197997594346484,33.40538736748274,TRUE
272,9/30/2017,0.655979061,11,311,778.8333333,9.041077,36.587463,1.580703,-14.48958333,0,373.6798611,0.00164166,5.30E-07,3.2399104954965643,44.64751450093093,TRUE
273,10/1/2017,0.687653839,6,-505,454.0833333,7.6493692,38.2543,1.666837,-26.625,0,289.5006944,0.00172723,2.47E-07,2.8853046308229975,27.931318298162406,TRUE
274,10/2/2017,0.719591582,0,-45,393.1666667,6.3238325,38.501183,0.246883,-20.0625,2,188.2743056,0.00204866,2.49E-07,2.8903235919701746,16.57648615,FALSE
275,10/3/2017,0.751490361,0,28,396.4166667,4.5359383,39.17693,0.675747,-18.26041667,0,186.36875,0.00220116,3.09E-07,3.088470064702256,20.821875350246568,TRUE
276,10/4/2017,0.775533098,0,-250,250.1666667,3.973677,41.135574,1.958644,-12.65972222,0,136.9534722,0.00212813,3.42E-07,2.2748833993460873,15.529304885654707,FALSE
277,10/5/2017,0.778415722,0,291,453.5833333,3.2506537,42.477493,1.341919,-7.100694444,0,141.4395833,0.00244889,1.69E-06,3.610753592209202,30.842205406958456,TRUE
278,10/6/2017,0.772786452,0,-104,362.3333333,3.4813285,44.480762,2.003269,-13.17708333,26,224.0076389,0.00258105,1.52E-06,3.2921676243760203,36.11797956840475,TRUE
279,10/7/2017,0.764389613,4,-259,163.5,3.3759003,45.80349,1.322728,-7.552083333,0,86.19027778,0.00312411,7.54E-07,1.7927882430772883,22.661707085860808,FALSE
280,10/8/2017,0.784368723,0,-131,63,3.131445,45.98606,0.18257,-4.545138889,0,64.04513889,0.00386804,7.56E-07,2.3658744080401872,21.976791912800117,TRUE
281,10/9/2017,0.813305721,0,54,94.83333333,14.527666,45.498203,-0.487857,-1.15625,3,65.88055556,0.00351858,2.90E-07,3.635079953318977,20.14037141,TRUE
282,10/10/2017,0.853740892,0,181,265.3333333,15.172306,45.93962,0.441417,4.020833333,0,92.34513889,0.00305588,9.00E-08,2.194555711797755,21.444702235798797,TRUE
283,10/11/2017,0.900670099,0,686,838,14.821233,46.051464,0.111844,-23.76736111,0,505.1416667,0.00335027,8.01E-08,2.6951277063083054,51.73669202907546,TRUE
284,10/12/2017,0.948517481,3,144,982.8333333,15.176562,46.693527,0.642063,-33.28819444,0,522.6159722,0.00320162,1.62E-07,0.8166044136602928,1.355782329,FALSE
285,10/13/2017,1.006908268,0,745,1429.25,15.134102,47.702457,1.00893,-35.29861111,0,651.7569444,0.00284426,2.35E-07,3.6870064170205423,31.700226556743065,TRUE
286,10/14/2017,1.044302383,7,-474,876.3333333,15.31943,48.704136,1.001679,-35.28125,30,562.7430556,0.00300315,2.04E-07,2.880401851347669,58.354434120050556,TRUE
287,10/15/2017,1.053806083,8,-364,877.25,14.39553,48.46214,-0.241996,-38.60416667,0,555.0173611,0.00392888,1.39E-07,2.8007676592959907,65.91895827,TRUE
288,10/16/2017,1.042832381,0,-643,273.9166667,13.818113,46.46459,-1.99755,-22.57638889,0,190.8659722,0.0043629,8.26E-08,2.709145206856593,12.774863180242274,FALSE
289,10/17/2017,1.038082012,0,-65,241.25,15.171094,45.741253,-0.723337,-19.62847222,0,154.6534722,0.00449851,8.99E-08,2.267964659924882,29.07578926,TRUE
290,10/18/2017,1.034004083,8,193,387.8333333,15.57639,47.73951,1.998257,-14.35069444,0,146.99375,0.00342248,3.51E-07,4.199702033392798,26.464876322025447,TRUE
291,10/19/2017,1.033762589,6,299,633.9166667,13.114783,48.75876,1.01925,-18.64236111,0,318.3881944,0.0045638,1.43E-07,2.405198066806359,40.46645279598095,TRUE
292,10/20/2017,1.043808408,0,-281,446.3333333,13.510689,49.93868,1.17992,-15.71180556,0,241.0909722,0.00512019,1.70E-05,1.8004465895673019,45.255817898767376,TRUE
293,10/21/2017,1.059850657,4,164,584.1666667,10.95399,48.481857,-1.456823,-1.503472222,1,191.1388889,0.00541513,2.69E-06,3.4328306587662754,32.86755656515687,TRUE
294,10/22/2017,1.027587208,0,-202,438.0833333,11.47765,43.740433,-4.741424,-5.864583334,0,103.60625,0.00673446,3.03E-07,2.2521057538139746,18.238440209435986,FALSE
295,10/23/2017,0.971297495,0,-226,182,11.755399,40.68629,-3.054143,2.017361111,0,104.1527778,0.0074066,1.31E-07,1.8479738977632385,26.37321341475806,TRUE
296,10/24/2017,0.912052649,0,848,782,10.343083,37.465363,-3.220927,-3.79861111,0,320.55625,0.00913978,1.86E-07,4.124378188791792,45.17933803,TRUE
297,10/25/2017,0.874169692,0,-25,648.25,10.297131,34.298405,-3.166958,-15.77083333,0,396.7083333,0.0110359,2.71E-07,2.8988148565453793,55.59277598,TRUE
298,10/26/2017,0.87754631,0,122,924.0833333,11.063829,33.167454,-1.130951,-21.50694444,0,480.3791667,0.0178139,2.75E-07,3.3507525521358876,40.73522772748316,TRUE
299,10/27/2017,0.90278638,0,-1045,155.5,7.894562,31.500916,-1.666538,-12.61111111,0,133.0458333,0.0268843,2.27E-07,2.8308687848581267,23.687519013030485,TRUE
300,10/28/2017,0.94780582,0,312,243,10.551135,29.362148,-2.138768,-8.097222222,0,159.6972222,0.0408848,9.23E-08,4.169410644040865,23.12808083250451,TRUE
301,10/29/2017,1.077681705,0,-303,137.3333333,11.919004,32.50199,3.139842,-3.454861111,0,111.1930556,0.0380531,1.28E-07,3.6375628737315453,25.778386891936567,TRUE
302,10/30/2017,1.22514962,0,38,140.5,12.488414,36.55722,4.05523,-2.208333333,0,107.13125,0.0415694,7.45E-08,2.1365624762074042,29.66367589607906,TRUE
303,10/31/2017,1.285098908,0,32,206,11.509266,39.174316,2.617096,2.534722222,0,115.9402778,0.0344588,6.84E-08,2.238910811053398,21.630337022881797,TRUE
304,11/1/2017,1.258639552,6,100,254.67,11.692955,43.655586,4.48127,5.184027778,0,127.5847222,0.0153651,6.08E-08,3.2263103713803725,36.52530369907032,TRUE
305,11/2/2017,1.216108045,0,282,527.67,11.4088125,48.229893,4.574307,-0.003472222,0,167.5826389,0.0129,6.04E-08,4.041562052243993,30.291546529243647,TRUE
306,11/3/2017,1.200531161,7,-31,596,13.746264,52.02658,3.796687,-16.02777778,0,199.4076389,0.0157734,6.73E-08,2.266731625977559,39.20509903497461,TRUE
307,11/4/2017,1.203429126,2,-492,95.67,14.341683,54.779396,2.752816,-8.444444444,0,90.58055556,0.0200331,4.96E-08,2.6180325237304385,30.143819204404885,TRUE
308,11/5/2017,1.188327565,0,-40,86.75,13.748268,52.370014,-2.409382,-4.715277778,0,77.66458333,0.0298938,3.98E-08,3.625069789690078,33.68668412347092,TRUE
309,11/6/2017,1.162000645,0,-76,36.5,13.207965,53.608646,1.238632,1.065972222,0,89.73333333,0.0422731,2.97E-08,2.563089351471541,20.053097192569776,TRUE
310,11/7/2017,1.086218479,4,1187,944.67,13.663277,53.109253,-0.499393,-24.45138889,0,551.3979167,0.0324337,2.13E-08,3.6267084223951875,49.97759502,TRUE
311,11/8/2017,1.013355232,6,325,"1,070.00",14.33429,52.578922,-0.530331,-60.62847222,0,757.9368056,0.0261219,4.44E-08,3.284095973895403,31.402667376194323,TRUE
312,11/9/2017,1.067590106,0,-626,600.33,14.415939,51.833263,-0.745659,-42.68402778,0,438.7881944,0.0155172,5.40E-08,2.524185497091708,48.61215916358383,TRUE
313,11/10/2017,1.127399625,0,405,813.67,12.801442,55.06511,3.231847,-32.04861111,0,448.7125,0.0231628,5.34E-08,3.2386375547194506,52.40951877623128,TRUE
314,11/11/2017,1.228159069,5,-825,283.75,12.21686,54.016132,-1.048978,-23.42013889,0,192.5861111,0.0223245,4.21E-08,2.544351983063834,29.86164330872469,TRUE
315,11/12/2017,1.279989145,0,-101,245.25,12.805711,50.87544,-3.140692,-17.66319444,0,149.6958333,0.0203544,3.53E-07,2.5927103472003408,25.37235958481029,TRUE
316,11/13/2017,1.304271045,8,87,321.83,13.286915,52.18245,1.30701,-14.125,0,167.0645833,0.018156,1.11E-06,2.798335196008311,44.72476813937384,TRUE
317,11/14/2017,1.295400162,0,402,731.58,11.67527,54.286995,2.104545,-19.32986111,0,355.5520833,0.0229184,1.73E-07,2.495117221597201,31.827076285983246,TRUE
318,11/15/2017,1.327607925,6,88,709.42,10.734386,55.629116,1.342121,-16.12847222,0,317.1097222,0.0200289,1.86E-07,1.881717432682772,22.69756971947977,TRUE
319,11/16/2017,1.346360043,0,-169,524.83,10.174299,54.378456,-1.25066,-18.40277778,0,277.7270833,0.025668,5.20E-07,2.2844456128679913,35.30581104174657,TRUE
320,11/17/2017,1.348493406,0,-225,408.25,9.60091,55.798088,1.419632,-12.24305556,0,161.1270833,0.040843,9.05E-07,1.8887023809055217,8.525314111918439,FALSE
321,11/18/2017,1.333195399,0,-160,289.08,39.12995,59.072556,3.274468,-12.07638889,0,188.8479167,0.0541647,1.79E-07,3.5889329080352748,14.392676112945479,FALSE
322,11/19/2017,1.345388646,0,-163,174.67,37.810772,54.31228,-4.760276,-4.006944445,0,97.375,0.0753876,9.87E-08,3.3169164941313367,16.82700554122213,FALSE
323,11/20/2017,1.353330657,0,489,570.25,38.030247,50.97864,-3.33364,4.045138889,0,138.9944444,0.109591,5.00E-08,2.203775231269983,19.936735244477557,FALSE
324,11/21/2017,1.344524216,0,139,690.92,36.35228,49.767776,-1.210864,-29.07638889,0,463.9381944,0.0943523,2.26E-07,2.9095706510784405,41.245682232584954,TRUE
325,11/22/2017,1.376582854,6,-188,512.5,36.987896,52.655624,2.887848,-21.43055556,0,291.7784722,0.138847,4.26E-08,3.2713812184048816,50.03451016655501,TRUE
326,11/23/2017,1.402009423,5,-125,456.33,37.398373,48.378006,-4.277618,-16.75347222,0,226.425,0.104336,1.75E-07,1.9731971861840922,23.27056677588515,TRUE
327,11/24/2017,1.371693695,0,202,524.25,35.41483,50.300465,1.922459,-15.07986111,0,213.95625,0.0755552,3.84E-08,3.3375253117775014,30.650956539001744,TRUE
328,11/25/2017,1.368155961,0,-512,159.75,33.96749,49.611958,-0.688507,-16.27430556,0,111.6069444,0.0535913,1.88E-07,2.246061033664513,17.357005543263345,FALSE
329,11/26/2017,1.38497608,0,40,203.5,32.086777,51.43187,1.819912,-4.486111111,0,78.89861111,0.067852,1.40E-07,2.708904039729162,13.512824645100318,FALSE
330,11/27/2017,1.361773052,0,65,158.17,31.830196,52.418987,0.987117,6.402777778,0,79.50833333,0.0556248,3.92E-07,2.502819096619026,13.099455902512926,FALSE
331,11/28/2017,1.381271465,0,64,305.33,31.56573,52.137344,-0.281643,-7.618055556,0,146.2208333,0.0550046,7.37E-08,3.6746378015269827,27.055548910786932,TRUE
332,11/29/2017,1.385980212,0,-90,244.33,30.796019,59.907932,7.770588,0.489583333,0,117.4777778,0.0710921,8.56E-08,3.9085439936698063,15.457816208513458,FALSE
333,11/30/2017,1.408832201,3,332,511.67,31.00777,62.95671,3.048778,-5.732638888,0,204.8694444,0.0823653,1.77E-07,3.7955132346914557,14.703216672153767,FALSE
334,12/1/2017,1.422179307,0,-149,331.6666667,30.106651,62.958706,0.001996,-3.548611111,0,151.7569444,0.0901203,0.00E+00,2.8252804673927705,28.88406882100036,TRUE
335,12/2/2017,1.338168188,0,33,334.5,31.386547,60.42833,-2.530376,-0.680555556,0,92.44861111,0.115005,0.00E+00,3.252450611911635,33.17775028313754,TRUE
336,12/3/2017,1.267658461,10,-378,123.4166667,31.663546,60.74701,0.31868,-3.763888889,0,70.18263889,0.0939989,0.00E+00,3.6388594301565234,48.37986613319492,TRUE
337,12/4/2017,1.223954647,11,581,619.6666667,31.190336,64.80063,4.05362,-5.586805556,0,289.4354167,0.0916452,0.00E+00,2.9850414218858403,47.93902717066472,TRUE
338,12/5/2017,1.192997609,0,439,909.6666667,27.883747,66.5106,1.70997,-28.69444444,0,558.1423611,0.117821,0.00E+00,,,
339,12/6/2017,1.238195371,0,-581,441.25,27.611351,67.98484,1.47424,-23.43402778,0,307.7347222,0.08522,0.00E+00,2.2433087974461903,31.06464313515044,TRUE
340,12/7/2017,1.344524144,0,259,665.75,26.936703,71.771576,3.786736,-15.62847222,0,230.81875,0.0658494,0.00E+00,2.6009242737602833,43.45543849557904,TRUE
341,12/8/2017,1.387539716,0,-463,320.4166667,21.832308,69.7472,-2.024376,-10.26041667,0,127.7541667,0.0788593,0.00E+00,1.9983057291415776,45.46906911921392,TRUE
342,12/9/2017,1.352332009,6,-117,210.5,24.756653,77.597336,7.850136,-6.940972222,0,94.94166667,0.153349,0.00E+00,2.3275751646296228,37.02687976508699,TRUE
343,12/10/2017,1.302502451,0,-14,182.75,21.828688,73.02192,-4.575416,-2.208333333,0,107.5041667,0.126895,0.00E+00,2.059585951,22.008727336010892,TRUE
344,12/11/2017,1.269807871,6,516,584.0833333,21.763292,71.08798,-1.93394,-2.454861111,0,257.1611111,0.202653,3.06E-08,2.1110054602266923,22.45363026844347,FALSE
345,12/12/2017,1.203183217,5,276,826.0833333,23.892954,76.18895,5.10097,-15.04513889,0,320.0270833,0.233788,2.96E-08,2.8866220370689697,59.56129691885928,TRUE
346,12/13/2017,1.13307147,6,-615,327.25,25.817621,79.935844,3.746894,-10.03819445,0,154.1326389,0.112822,1.40E-07,3.5578658434836767,37.281673108201204,TRUE
347,12/14/2017,1.252246916,0,-169,218.4166667,23.815119,65.77869,-14.157154,-5.229166667,0,104.8875,0.107168,1.54E-07,2.2207705015007972,44.941119221927295,TRUE
348,12/15/2017,1.347747226,0,-73,160.0833333,25.694006,79.72853,13.94984,2.347222222,0,89.71527778,0.0964343,4.52E-08,3.2278155903140826,48.00437577670236,TRUE
349,12/16/2017,1.342205118,0,67,179.25,27.341972,78.01226,-1.71627,1.916666667,0,95.67569444,0.110271,8.20E-08,3.1623546246889873,21.745037528217278,TRUE
350,12/17/2017,1.178141589,7,762,845.0833333,25.290749,79.55781,1.54555,-11.1875,0,467.4819444,0.102691,2.70E-08,1.8912830930042748,31.868035057508983,TRUE
351,12/18/2017,1.017144748,0,116,714.1666667,24.131996,72.91647,-6.64134,-17.92013889,0,317.13125,0.10159,6.60E-08,2.004692323622903,18.19210158728749,FALSE
352,12/19/2017,1.101607305,0,-656,414.25,20.366854,76.7459,3.82943,-10.20833333,0,158.3923611,0.143126,3.29E-07,3.3209387623301234,27.301181095179533,TRUE
353,12/20/2017,1.274615551,7,-113,281.5,22.312529,81.814995,5.069095,-8.996527777,0,153.6868056,0.144849,4.12E-07,2.792527139878023,31.590558908453875,TRUE
354,12/21/2017,1.286672778,0,66,330.4166667,24.791763,80.52878,-1.286215,-4.253472222,0,94.74652778,0.0986112,1.45E-07,3.4906928273362987,30.94487859182736,TRUE
355,12/22/2017,1.257529683,0,-239,133.5,23.788187,74.36168,-6.1671,1.440972222,0,54.72777778,0.0719455,1.08E-06,2.9701306757804176,53.736607104635134,TRUE
356,12/23/2017,1.204548637,0,50,212.8333333,21.257425,79.84012,5.47844,0.409722222,0,127.8638889,0.0904059,4.57E-07,1.5482260695401806,21.085140804460035,TRUE
357,12/24/2017,1.181275988,8,530,579.0833333,20.994085,85.17176,5.33164,-1.4375,0,237.3805556,0.119966,1.09E-07,2.4934907725355018,42.45635779918764,TRUE
358,12/25/2017,1.273048587,10,-114,545.0833333,25.3996,83.49055,-1.68121,-11.72916667,0,255.9729167,0.121408,1.02E-07,2.607816817024892,35.46399968836415,TRUE
359,12/26/2017,1.347059417,7,180,555.5833333,23.850538,81.783485,-1.707065,-13.3125,0,238.0597222,0.10987,6.09E-08,3.232895906507479,44.25168186044197,TRUE
360,12/27/2017,1.314453176,4,-337,404,21.48419,88.051346,6.267861,-6.899305556,0,193.41875,0.134835,5.57E-08,3.0024036654834494,44.009141233291565,TRUE
361,12/28/2017,1.237787461,0,-258,186.8333333,24.289408,88.98436,0.933014,-6.746527778,0,114.4909722,0.157334,1.28E-06,1.394660922339184,17.159032271743076,FALSE
362,12/29/2017,1.277944302,0,33,218.1666667,23.12971,85.25536,-3.729,-2.010416667,0,98.43333333,0.119963,1.29E-07,2.5856517481758807,71.76291302,TRUE
363,12/30/2017,1.332961047,0,100,231.3333333,23.887358,80.55547,-4.69989,1.579861111,0,116.6638889,0.128906,3.04E-08,1.9186627681011703,28.57434860413611,TRUE
364,12/31/2017,1.40803556,0,-19,282.75,22.091953,78.436424,-2.119046,4.840277778,0,113.4458333,0.0678797,3.65E-08,2.175955093,25.70530349,TRUE
